PERMNO,date,TICKER,COMNAM,CUSIP,PRC,RET,SHROUT,vwretd,ewretd
79754,31/01/2000,GSG,GLOBAL SMALL CAP FUND INC,37935V10,,,3802,-0.039607,0.050642
84398,31/01/2000,SPY,SPDR TRUST,78462F10,139.62500,-0.049362,27109,-0.039607,0.050642
84398,29/02/2000,SPY,SPDR TRUST,78462F10,137.43750,-0.015667,102670,0.031782,0.120481
84398,31/03/2000,SPY,SPDR TRUST,78462F10,150.37500,0.096832,102670,0.053499,-0.000464
84398,28/04/2000,SPY,SPDR TRUST,78462F10,145.09375,-0.035121,102670,-0.059527,-0.088473
84398,31/05/2000,SPY,SPDR TRUST,78462F10,142.81250,-0.015723,102670,-0.038870,-0.057337
84398,30/06/2000,SPY,SPDR TRUST,78462F10,145.28125,0.019726,102670,0.051603,0.079304
84398,31/07/2000,SPY,SPDR TRUST,78462F10,142.90625,-0.016348,102670,-0.017712,-0.019303
84398,31/08/2000,SPY,SPDR TRUST,78462F10,152.34375,0.066040,149422,0.075007,0.059300
84398,29/09/2000,SPY,SPDR TRUST,78462F10,143.62500,-0.054767,149422,-0.051144,-0.040045
84398,31/10/2000,SPY,SPDR TRUST,78462F10,142.95313,-0.004678,149422,-0.024495,-0.066833
84398,30/11/2000,SPY,SPDR TRUST,78462F10,132.28125,-0.074653,149422,-0.102373,-0.118569
84398,29/12/2000,SPY,SPDR TRUST,78462F10,131.18750,-0.005159,149422,0.020423,-0.007053
84398,31/01/2001,SPY,SPDR TRUST,78462F10,137.02000,0.044459,149422,0.039599,0.225038
84398,28/02/2001,SPY,SPDR TRUST,78462F10,123.95000,-0.095388,149422,-0.099103,-0.074519
84398,30/03/2001,SPY,SPDR TRUST,78462F10,116.69000,-0.056026,149422,-0.070393,-0.072702
84398,30/04/2001,SPY,SPDR TRUST,78462F10,124.91000,0.070443,149422,0.083831,0.076441
84398,31/05/2001,SPY,SPDR TRUST,78462F10,125.95000,0.008326,149422,0.010455,0.062199
84398,29/06/2001,SPY,SPDR TRUST,78462F10,122.60000,-0.023847,149422,-0.017553,0.007726
84398,31/07/2001,SPY,SPDR TRUST,78462F10,121.35000,-0.010196,149422,-0.018298,-0.028403
84398,31/08/2001,SPY,SPDR TRUST,78462F10,114.15000,-0.059332,149422,-0.058982,-0.035013
84398,28/09/2001,SPY,SPDR TRUST,78462F10,104.44000,-0.081831,149422,-0.091485,-0.127787
84398,31/10/2001,SPY,SPDR TRUST,78462F10,105.80000,0.013022,149422,0.027836,0.078125
84398,30/11/2001,SPY,SPDR TRUST,78462F10,114.05000,0.077977,149422,0.078777,0.080799
84398,31/12/2001,SPY,SPDR TRUST,78462F10,114.30000,0.005636,149422,0.017852,0.057768
84398,31/01/2002,SPY,SPDR TRUST,78462F10,113.18000,-0.009799,256781,-0.015975,0.018192
84398,28/02/2002,SPY,SPDR TRUST,78462F10,111.15000,-0.017936,257283,-0.021696,-0.033066
84398,28/03/2002,SPY,SPDR TRUST,78462F10,114.52000,0.033297,249783,0.044678,0.074653
84398,30/04/2002,SPY,SPDR TRUST,78462F10,107.86000,-0.058156,251883,-0.049618,-0.003165
84398,31/05/2002,SPY,SPDR TRUST,78462F10,107.22000,-0.005934,271235,-0.010521,-0.015507
84398,28/06/2002,SPY,SPDR TRUST,78462F10,98.96000,-0.073742,287385,-0.070249,-0.067317
84398,31/07/2002,SPY,SPDR TRUST,78462F10,91.16000,-0.078820,311335,-0.081149,-0.107497
84398,30/08/2002,SPY,SPDR TRUST,78462F10,91.78000,0.006801,330488,0.007979,0.006337
84398,30/09/2002,SPY,SPDR TRUST,78462F10,81.79000,-0.104728,374888,-0.099920,-0.084490
84398,31/10/2002,SPY,SPDR TRUST,78462F10,88.52000,0.082284,443438,0.074923,0.042773
84398,29/11/2002,SPY,SPDR TRUST,78462F10,93.98000,0.061681,465141,0.061271,0.117775
84398,31/12/2002,SPY,SPDR TRUST,78462F10,88.23000,-0.056546,418241,-0.053313,-0.040159
84398,31/01/2003,SPY,SPDR TRUST,78462F10,86.06000,-0.024595,435441,-0.023392,0.006068
84398,28/02/2003,SPY,SPDR TRUST,78462F10,84.90000,-0.013479,402895,-0.015390,-0.021448
84398,31/03/2003,SPY,SPDR TRUST,78462F10,84.74000,0.002289,465295,0.010325,0.009434
84398,30/04/2003,SPY,SPDR TRUST,78462F10,91.91000,0.084612,462445,0.082762,0.098231
84398,30/05/2003,SPY,SPDR TRUST,78462F10,96.95000,0.054836,456748,0.063471,0.133177
84398,30/06/2003,SPY,SPDR TRUST,78462F10,97.63000,0.010730,442048,0.016336,0.049745
84398,31/07/2003,SPY,SPDR TRUST,78462F10,99.39000,0.018027,376748,0.023112,0.061927
84398,29/08/2003,SPY,SPDR TRUST,78462F10,101.44000,0.020626,344652,0.024966,0.047429
84398,30/09/2003,SPY,SPDR TRUST,78462F10,99.95000,-0.010745,361002,-0.009112,0.025239
84398,31/10/2003,SPY,SPDR TRUST,78462F10,105.30000,0.053527,361752,0.060319,0.080954
84398,28/11/2003,SPY,SPDR TRUST,78462F10,106.45000,0.010921,353556,0.016593,0.038147
84398,31/12/2003,SPY,SPDR TRUST,78462F10,111.28000,0.050217,395856,0.045488,0.038908
84398,30/01/2004,SPY,SPDR TRUST,78462F10,113.48000,0.019770,368706,0.023051,0.065763
84398,27/02/2004,SPY,SPDR TRUST,78462F10,115.02000,0.013571,368664,0.015458,0.013720
84398,31/03/2004,SPY,SPDR TRUST,78462F10,113.10000,-0.013261,362214,-0.010674,0.006293
84398,30/04/2004,SPY,SPDR TRUST,78462F10,110.96000,-0.018921,369014,-0.024232,-0.043590
84398,28/05/2004,SPY,SPDR TRUST,78462F10,112.86000,0.017123,358971,0.014068,0.002593
84398,30/06/2004,SPY,SPDR TRUST,78462F10,114.53000,0.018463,417521,0.021598,0.022731
84398,30/07/2004,SPY,SPDR TRUST,78462F10,110.84000,-0.032219,384221,-0.037667,-0.051090
84398,31/08/2004,SPY,SPDR TRUST,78462F10,111.11000,0.002436,400780,0.002713,-0.004742
84398,30/09/2004,SPY,SPDR TRUST,78462F10,111.76000,0.010069,408980,0.020547,0.041601
84398,29/10/2004,SPY,SPDR TRUST,78462F10,113.20000,0.012885,405030,0.017806,0.020845
84398,30/11/2004,SPY,SPDR TRUST,78462F10,117.89000,0.044532,444290,0.048207,0.079935
84398,31/12/2004,SPY,SPDR TRUST,78462F10,120.87000,0.030095,461947,0.035178,0.052928
84398,31/01/2005,SPY,SPDR TRUST,78462F10,118.16000,-0.022421,464447,-0.026555,-0.029282
84398,28/02/2005,SPY,SPDR TRUST,78462F10,120.63000,0.020904,409960,0.022680,0.016643
84398,31/03/2005,SPY,SPDR TRUST,78462F10,117.96000,-0.018262,437060,-0.016949,-0.031842
84398,29/04/2005,SPY,SPDR TRUST,78462F10,115.75000,-0.018735,417960,-0.025185,-0.046513
84398,31/05/2005,SPY,SPDR TRUST,78462F10,119.48000,0.032225,455181,0.037956,0.043820
84398,30/06/2005,SPY,SPDR TRUST,78462F10,119.18000,0.001570,435731,0.011532,0.032139
84398,29/07/2005,SPY,SPDR TRUST,78462F10,123.74000,0.038261,400031,0.043325,0.058751
84398,31/08/2005,SPY,SPDR TRUST,78462F10,122.58000,-0.009374,385304,-0.005945,-0.007216
84398,30/09/2005,SPY,SPDR TRUST,78462F10,123.04000,0.008009,390804,0.010606,0.010533
84398,31/10/2005,SPY,SPDR TRUST,78462F10,120.13000,-0.023651,410904,-0.020877,-0.033876
84398,30/11/2005,SPY,SPDR TRUST,78462F10,125.41000,0.043952,455280,0.040329,0.034319
84398,30/12/2005,SPY,SPDR TRUST,78462F10,124.51000,-0.001821,471080,0.003456,0.013484
84398,31/01/2006,SPY,SPDR TRUST,78462F10,127.50000,0.024014,433630,0.040044,0.076354
84398,28/02/2006,SPY,SPDR TRUST,78462F10,128.23000,0.005725,415907,-0.001637,0.004836
84398,31/03/2006,SPY,SPDR TRUST,78462F10,129.83000,0.016529,392757,0.019053,0.036978
84398,28/04/2006,SPY,SPDR TRUST,78462F10,131.47000,0.012632,396257,0.012965,0.009791
84398,31/05/2006,SPY,SPDR TRUST,78462F10,127.51000,-0.030121,400777,-0.031045,-0.044331
84398,30/06/2006,SPY,SPDR TRUST,78462F10,127.23000,0.002160,429477,-0.000386,-0.008479
84398,31/07/2006,SPY,SPDR TRUST,78462F10,127.85000,0.004873,448427,-0.001884,-0.022698
84398,31/08/2006,SPY,SPDR TRUST,78462F10,130.64000,0.021822,436950,0.025048,0.025011
84398,29/09/2006,SPY,SPDR TRUST,78462F10,133.58000,0.026939,427250,0.019424,0.009006
84398,31/10/2006,SPY,SPDR TRUST,78462F10,137.78999,0.031517,463850,0.037133,0.046211
84398,30/11/2006,SPY,SPDR TRUST,78462F10,140.53000,0.019885,479972,0.023705,0.031168
84398,29/12/2006,SPY,SPDR TRUST,78462F10,141.62000,0.013397,449972,0.010854,0.014800
84398,31/01/2007,SPY,SPDR TRUST,78462F10,143.75000,0.015040,445872,0.019401,0.022283
84398,28/02/2007,SPY,SPDR TRUST,78462F10,140.92999,-0.019617,421144,-0.013994,0.002111
84398,30/03/2007,SPY,SPDR TRUST,78462F10,142.00000,0.011504,429344,0.012946,0.006545
84398,30/04/2007,SPY,SPDR TRUST,78462F10,148.28999,0.044296,405994,0.039821,0.027044
84398,31/05/2007,SPY,SPDR TRUST,78462F10,153.32001,0.033920,402862,0.038932,0.023123
84398,29/06/2007,SPY,SPDR TRUST,78462F10,150.42999,-0.014574,395562,-0.014754,-0.007906
84398,31/07/2007,SPY,SPDR TRUST,78462F10,145.72000,-0.031310,381862,-0.031758,-0.043537
84398,31/08/2007,SPY,SPDR TRUST,78462F10,147.59000,0.012833,503530,0.011631,-0.011712
84398,28/09/2007,SPY,SPDR TRUST,78462F10,152.58000,0.038680,539730,0.040849,0.025364
84398,31/10/2007,SPY,SPDR TRUST,78462F10,154.64999,0.013567,477330,0.025834,0.017406
84398,30/11/2007,SPY,SPDR TRUST,78462F10,148.66000,-0.038733,495095,-0.049327,-0.076617
84398,31/12/2007,SPY,SPDR TRUST,78462F10,146.21001,-0.011265,689595,-0.004428,-0.010989
84398,31/01/2008,SPY,SPDR TRUST,78462F10,137.37000,-0.060461,661295,-0.062147,-0.045066
84398,29/02/2008,SPY,SPDR TRUST,78462F10,133.82001,-0.025843,500121,-0.021664,-0.021401
84398,31/03/2008,SPY,SPDR TRUST,78462F10,131.97000,-0.009027,612571,-0.010419,-0.025309
84398,30/04/2008,SPY,SPDR TRUST,78462F10,138.25999,0.047662,546771,0.051106,0.031907
84398,30/05/2008,SPY,SPDR TRUST,78462F10,140.35001,0.015117,532593,0.023841,0.031787
84398,30/06/2008,SPY,SPDR TRUST,78462F10,127.98000,-0.083369,562193,-0.078433,-0.086625
84398,31/07/2008,SPY,SPDR TRUST,78462F10,126.83000,-0.008986,589643,-0.013328,-0.001295
84398,29/08/2008,SPY,SPDR TRUST,78462F10,128.78999,0.015454,610176,0.010563,0.013023
84398,30/09/2008,SPY,SPDR TRUST,78462F10,115.99000,-0.094022,776226,-0.098007,-0.120091
84398,31/10/2008,SPY,SPDR TRUST,78462F10,96.83000,-0.165187,813326,-0.184621,-0.205222
84398,28/11/2008,SPY,SPDR TRUST,78462F10,90.09000,-0.069607,836968,-0.084615,-0.130320
84398,31/12/2008,SPY,SPDR TRUST,78462F10,90.24000,0.009650,1051568,0.022148,0.042176
84398,30/01/2009,SPY,SPDR TRUST,78462F10,82.83000,-0.082114,1050818,-0.077323,-0.024042
84398,27/02/2009,SPY,SPDR TRUST,78462F10,73.93000,-0.107449,840358,-0.100214,-0.107667
84398,31/03/2009,SPY,SPDR TRUST,78462F10,79.52000,0.083206,758260,0.086690,0.107474
84398,30/04/2009,SPY,SPDR TRUST,78462F10,87.42000,0.099346,692710,0.109359,0.192762
84398,29/05/2009,SPY,SPDR TRUST,78462F10,92.53000,0.058453,704790,0.067788,0.102330
84398,30/06/2009,SPY,SPDR TRUST,78462F10,91.95000,-0.000668,696740,-0.003098,0.023921
84398,31/07/2009,SPY,SPDR TRUST,78462F10,98.81000,0.074606,678640,0.081719,0.085217
84398,31/08/2009,SPY,SPDR TRUST,78462F10,102.46000,0.036940,715660,0.031459,0.056864
84398,30/09/2009,SPY,SPDR TRUST,78462F10,105.59000,0.035510,663310,0.045222,0.071255
84398,30/10/2009,SPY,SPDR TRUST,78462F10,103.56000,-0.019225,647910,-0.027993,-0.050612
84398,30/11/2009,SPY,SPDR TRUST,78462F10,109.94000,0.061607,657830,0.057098,0.028476
84398,31/12/2009,SPY,SPDR TRUST,78462F10,111.44000,0.019012,761530,0.028419,0.055001
84398,29/01/2010,SPY,SPDR S & P 500 E T F TRUST,78462F10,107.39000,-0.036342,612980,-0.037096,-0.011388
84398,26/02/2010,SPY,SPDR S & P 500 E T F TRUST,78462F10,110.74000,0.031195,667530,0.034774,0.033603
84398,31/03/2010,SPY,SPDR S & P 500 E T F TRUST,78462F10,117.00000,0.060867,684830,0.063606,0.069289
84398,30/04/2010,SPY,SPDR S & P 500 E T F TRUST,78462F10,118.81250,0.015491,606730,0.020043,0.057843
84398,28/05/2010,SPY,SPDR S & P 500 E T F TRUST,78462F10,109.36900,-0.079482,613730,-0.079136,-0.076929
84398,30/06/2010,SPY,SPDR S & P 500 E T F TRUST,78462F10,103.22000,-0.051365,703580,-0.050725,-0.056799
84398,30/07/2010,SPY,SPDR S & P 500 E T F TRUST,78462F10,110.27000,0.068301,662230,0.070292,0.059940
84398,31/08/2010,SPY,SPDR S & P 500 E T F TRUST,78462F10,105.31000,-0.044980,619680,-0.042813,-0.047566
84398,30/09/2010,SPY,SPDR S & P 500 E T F TRUST,78462F10,114.13000,0.089470,697030,0.091518,0.096418
84398,29/10/2010,SPY,SPDR S & P 500 E T F TRUST,78462F10,118.49000,0.038202,690430,0.038531,0.040681
84398,30/11/2010,SPY,SPDR S & P 500 E T F TRUST,78462F10,118.49250,0.000021,678980,0.005108,0.010736
84398,31/12/2010,SPY,SPDR S & P 500 E T F TRUST,78462F10,125.75000,0.066757,723380,0.067150,0.068851
84398,31/01/2011,SPY,SPDR S & P 500 E T F TRUST,78462F10,128.67999,0.023300,743530,0.019157,0.014412
84398,28/02/2011,SPY,SPDR S & P 500 E T F TRUST,78462F10,133.14999,0.034737,683330,0.038165,0.037036
84398,31/03/2011,SPY,SPDR S & P 500 E T F TRUST,78462F10,132.59000,-0.000050,690280,0.003366,0.008605
84398,29/04/2011,SPY,SPDR S & P 500 E T F TRUST,78462F10,136.42999,0.028961,697980,0.028688,0.019203
84398,31/05/2011,SPY,SPDR S & P 500 E T F TRUST,78462F10,134.89999,-0.011215,676230,-0.014935,-0.018549
84398,30/06/2011,SPY,SPDR S & P 500 E T F TRUST,78462F10,131.97000,-0.017067,702880,-0.018395,-0.024106
84398,29/07/2011,SPY,SPDR S & P 500 E T F TRUST,78462F10,129.33000,-0.020005,706430,-0.022470,-0.021813
84398,31/08/2011,SPY,SPDR S & P 500 E T F TRUST,78462F10,122.22000,-0.054976,730980,-0.057472,-0.075715
84398,30/09/2011,SPY,SPDR S & P 500 E T F TRUST,78462F10,113.15000,-0.069097,715080,-0.084873,-0.100920
84398,31/10/2011,SPY,SPDR S & P 500 E T F TRUST,78462F10,125.50000,0.109147,697880,0.113977,0.107697
84398,30/11/2011,SPY,SPDR S & P 500 E T F TRUST,78462F10,124.99000,-0.004064,679780,-0.006226,-0.020645
84398,30/12/2011,SPY,SPDR S & P 500 E T F TRUST,78462F10,125.50000,0.010242,694780,0.003702,-0.003561
84398,31/01/2012,SPY,SPDR S & P 500 E T F TRUST,78462F10,131.32001,0.046375,736680,0.054076,0.085342
84398,29/02/2012,SPY,SPDR S & P 500 E T F TRUST,78462F10,137.02000,0.043405,736680,0.041186,0.036494
84398,30/03/2012,SPY,SPDR S & P 500 E T F TRUST,78462F10,140.81000,0.032140,710732,0.023994,0.017608
84398,30/04/2012,SPY,SPDR S & P 500 E T F TRUST,78462F10,139.87000,-0.006676,739982,-0.006801,-0.009106
84398,31/05/2012,SPY,SPDR S & P 500 E T F TRUST,78462F10,131.47000,-0.060056,737982,-0.065531,-0.068434
84398,29/06/2012,SPY,SPDR S & P 500 E T F TRUST,78462F10,136.10500,0.040490,756432,0.038156,0.034188
84398,31/07/2012,SPY,SPDR S & P 500 E T F TRUST,78462F10,137.71001,0.011792,776882,0.010266,-0.003281
84398,31/08/2012,SPY,SPDR S & P 500 E T F TRUST,78462F10,141.16000,0.025053,765732,0.026265,0.024820
84398,28/09/2012,SPY,SPDR S & P 500 E T F TRUST,78462F10,143.97000,0.025428,834132,0.026539,0.034925
84398,31/10/2012,SPY,SPDR S & P 500 E T F TRUST,78462F10,141.35001,-0.018198,771382,-0.014101,-0.013477
84398,30/11/2012,SPY,SPDR S & P 500 E T F TRUST,78462F10,142.15500,0.005695,774432,0.006193,0.002790
84398,31/12/2012,SPY,SPDR S & P 500 E T F TRUST,78462F10,142.41000,0.008982,868582,0.012531,0.021872
84398,31/01/2013,SPY,SPDR S & P 500 E T F TRUST,78462F10,149.70000,0.051190,852632,0.054094,0.063509
84398,28/02/2013,SPY,SPDR S & P 500 E T F TRUST,78462F10,151.61000,0.012759,808182,0.008332,0.003500
84398,28/03/2013,SPY,SPDR S & P 500 E T F TRUST,78462F10,156.67000,0.037951,829132,0.035274,0.031419
84398,30/04/2013,SPY,SPDR S & P 500 E T F TRUST,78462F10,159.67999,0.019212,824082,0.014945,0.002477
84398,31/05/2013,SPY,SPDR S & P 500 E T F TRUST,78462F10,163.44501,0.023579,848132,0.019067,0.023985
84398,28/06/2013,SPY,SPDR S & P 500 E T F TRUST,78462F10,160.42000,-0.013374,833282,-0.015039,-0.013012
84398,31/07/2013,SPY,SPDR S & P 500 E T F TRUST,78462F10,168.71001,0.051677,909882,0.052681,0.054898
84398,30/08/2013,SPY,SPDR S & P 500 E T F TRUST,78462F10,163.64999,-0.029992,835382,-0.025714,-0.017278
84398,30/09/2013,SPY,SPDR S & P 500 E T F TRUST,78462F10,168.00999,0.031763,868332,0.037477,0.051828
84398,31/10/2013,SPY,SPDR S & P 500 E T F TRUST,78462F10,175.78999,0.046307,901282,0.039852,0.025762
84398,29/11/2013,SPY,SPDR S & P 500 E T F TRUST,78462F10,181.00000,0.029638,901932,0.024947,0.023398
84398,31/12/2013,SPY,SPDR S & P 500 E T F TRUST,78462F10,184.69000,0.025803,945832,0.026126,0.025242
84398,31/01/2014,SPY,SPDR S & P 500 E T F TRUST,78462F10,178.17999,-0.035248,861532,-0.029957,-0.001282
84398,28/02/2014,SPY,SPDR S & P 500 E T F TRUST,78462F10,186.28999,0.045516,848982,0.046173,0.044257
84398,31/03/2014,SPY,SPDR S & P 500 E T F TRUST,78462F10,187.00999,0.008291,847432,0.004469,0.001028
84398,30/04/2014,SPY,SPDR S & P 500 E T F TRUST,78462F10,188.31000,0.006952,847782,0.001661,-0.022319
84398,30/05/2014,SPY,SPDR S & P 500 E T F TRUST,78462F10,192.67999,0.023206,829282,0.020219,0.006647
84398,30/06/2014,SPY,SPDR S & P 500 E T F TRUST,78462F10,195.72000,0.020639,860882,0.027941,0.039501
84398,31/07/2014,SPY,SPDR S & P 500 E T F TRUST,78462F10,193.09000,-0.013438,893732,-0.020523,-0.035223
84398,29/08/2014,SPY,SPDR S & P 500 E T F TRUST,78462F10,200.71001,0.039464,857932,0.040186,0.033697
84398,30/09/2014,SPY,SPDR S & P 500 E T F TRUST,78462F10,197.02000,-0.013705,920532,-0.025129,-0.044988
84398,31/10/2014,SPY,SPDR S & P 500 E T F TRUST,78462F10,201.66000,0.023551,909532,0.021184,0.014199
84398,28/11/2014,SPY,SPDR S & P 500 E T F TRUST,78462F10,207.20000,0.027472,968282,0.021150,-0.002457
84398,31/12/2014,SPY,SPDR S & P 500 E T F TRUST,78462F10,205.53999,-0.002534,1050482,-0.003616,-0.000190
84398,30/01/2015,SPY,SPDR S & P 500 E T F TRUST,78462F10,199.45000,-0.029629,917832,-0.027152,-0.019073
84398,27/02/2015,SPY,SPDR S & P 500 E T F TRUST,78462F10,210.66000,0.056205,920932,0.055948,0.054123
84398,31/03/2015,SPY,SPDR S & P 500 E T F TRUST,78462F10,206.42999,-0.015661,895932,-0.010439,-0.005112
84398,30/04/2015,SPY,SPDR S & P 500 E T F TRUST,78462F10,208.46001,0.009834,853082,0.008723,0.015127
84398,29/05/2015,SPY,SPDR S & P 500 E T F TRUST,78462F10,211.14000,0.012856,836332,0.010326,0.003962
84398,30/06/2015,SPY,SPDR S & P 500 E T F TRUST,78462F10,205.85001,-0.020176,840132,-0.019259,-0.013473
84398,31/07/2015,SPY,SPDR S & P 500 E T F TRUST,78462F10,210.50000,0.022589,849182,0.012095,-0.027144
84398,31/08/2015,SPY,SPDR S & P 500 E T F TRUST,78462F10,197.67000,-0.060950,840732,-0.059996,-0.047295
84398,30/09/2015,SPY,SPDR S & P 500 E T F TRUST,78462F10,191.63000,-0.025328,878782,-0.033738,-0.049922
84398,30/10/2015,SPY,SPDR S & P 500 E T F TRUST,78462F10,207.92999,0.085060,876332,0.073963,0.052873
84398,30/11/2015,SPY,SPDR S & P 500 E T F TRUST,78462F10,208.69000,0.003655,866082,0.002442,0.007333
84398,31/12/2015,SPY,SPDR S & P 500 E T F TRUST,78462F10,203.87000,-0.017291,902532,-0.022257,-0.035887
84398,29/01/2016,SPY,SPDR S & P 500 E T F TRUST,78462F10,193.72079,-0.049783,893082,-0.057035,-0.074951
84398,29/02/2016,SPY,SPDR S & P 500 E T F TRUST,78462F10,193.56000,-0.000830,879832,0.000682,0.005557
84398,31/03/2016,SPY,SPDR S & P 500 E T F TRUST,78462F10,205.52000,0.067212,892782,0.070460,0.078191
84398,29/04/2016,SPY,SPDR S & P 500 E T F TRUST,78462F10,206.33080,0.003945,904932,0.011799,0.039834
84398,31/05/2016,SPY,SPDR S & P 500 E T F TRUST,78462F10,209.84000,0.017008,880582,0.014296,-0.000617
84398,30/06/2016,SPY,SPDR S & P 500 E T F TRUST,78462F10,209.47501,0.003400,846432,0.003123,0.005839
84398,29/07/2016,SPY,SPDR S & P 500 E T F TRUST,78462F10,217.12000,0.036496,911132,0.038740,0.049867
84398,31/08/2016,SPY,SPDR S & P 500 E T F TRUST,78462F10,217.38000,0.001198,911932,0.002787,0.013067
84398,30/09/2016,SPY,SPDR S & P 500 E T F TRUST,78462F10,216.30000,0.000010,919082,0.003016,0.015373
84398,31/10/2016,SPY,SPDR S & P 500 E T F TRUST,78462F10,212.55000,-0.017337,918932,-0.021590,-0.039941
84398,30/11/2016,SPY,SPDR S & P 500 E T F TRUST,78462F10,220.38000,0.036838,948732,0.040415,0.050505
84398,30/12/2016,SPY,SPDR S & P 500 E T F TRUST,78462F10,223.53000,0.020324,1004882,0.018775,0.015889
84398,31/01/2017,SPY,SPDR S & P 500 E T F TRUST,78462F10,227.53000,0.017895,1002282,0.022177,0.025931
84398,28/02/2017,SPY,SPDR S & P 500 E T F TRUST,78462F10,236.47000,0.039292,995182,0.032638,0.017130
84398,31/03/2017,SPY,SPDR S & P 500 E T F TRUST,78462F10,235.74001,0.001282,1022832,0.002089,0.006390
84398,28/04/2017,SPY,SPDR S & P 500 E T F TRUST,78462F10,238.08000,0.009926,997332,0.009612,0.003684
84398,31/05/2017,SPY,SPDR S & P 500 E T F TRUST,78462F10,241.44000,0.014113,974732,0.009340,-0.011327
84398,30/06/2017,SPY,SPDR S & P 500 E T F TRUST,78462F10,241.80000,0.006391,978982,0.009460,0.022916
84398,31/07/2017,SPY,SPDR S & P 500 E T F TRUST,78462F10,246.77000,0.020554,977782,0.020327,0.009110
84398,31/08/2017,SPY,SPDR S & P 500 E T F TRUST,78462F10,247.49001,0.002918,998132,0.001591,-0.008749
84398,29/09/2017,SPY,SPDR S & P 500 E T F TRUST,78462F10,251.23000,0.020100,966882,0.023704,0.046757
84398,31/10/2017,SPY,SPDR S & P 500 E T F TRUST,78462F10,257.14999,0.023564,988532,0.019264,0.002211
84398,30/11/2017,SPY,SPDR S & P 500 E T F TRUST,78462F10,265.01001,0.030566,958232,0.027269,0.020836
84398,29/12/2017,SPY,SPDR S & P 500 E T F TRUST,78462F10,266.85999,0.012080,1043032,0.012163,0.014220
89848,29/08/2003,,,46428722,,,,0.024966,0.047429
89848,30/09/2003,AGG,ISHARES TRUST,46428722,102.70000,C,300,-0.009112,0.025239
89848,31/10/2003,AGG,ISHARES TRUST,46428722,101.74000,-0.009348,1400,0.060319,0.080954
89848,28/11/2003,AGG,ISHARES TRUST,46428722,101.72000,0.003328,1700,0.016593,0.038147
89848,31/12/2003,AGG,ISHARES TRUST,46428722,102.15000,0.007087,2100,0.045488,0.038908
89848,30/01/2004,AGG,ISHARES TRUST,46428722,102.60000,0.004405,2800,0.023051,0.065763
89848,27/02/2004,AGG,ISHARES TRUST,46428722,103.49000,0.011381,3400,0.015458,0.013720
89848,31/03/2004,AGG,ISHARES TRUST,46428722,103.95000,0.006824,3900,-0.010674,0.006293
89848,30/04/2004,AGG,ISHARES TRUST,46428722,100.78000,-0.027998,4700,-0.024232,-0.043590
89848,28/05/2004,AGG,ISHARES TRUST,46428722,100.13000,-0.003771,4700,0.014068,0.002593
89848,30/06/2004,AGG,ISHARES TRUST,46428722,100.54000,0.007256,5300,0.021598,0.022731
89848,30/07/2004,AGG,ISHARES TRUST,46428722,101.15000,0.009224,5900,-0.037667,-0.051090
89848,31/08/2004,AGG,ISHARES TRUST,46428722,102.46000,0.016137,6600,0.002713,-0.004742
89848,30/09/2004,AGG,ISHARES TRUST,46428722,102.67000,0.005155,7200,0.020547,0.041601
89848,29/10/2004,AGG,ISHARES TRUST,46428722,103.24000,0.008641,7200,0.017806,0.020845
89848,30/11/2004,AGG,ISHARES TRUST,46428722,102.20000,-0.007371,8500,0.048207,0.079935
89848,31/12/2004,AGG,ISHARES TRUST,46428722,102.40000,0.007944,9600,0.035178,0.052928
89848,31/01/2005,AGG,ISHARES TRUST,46428722,102.90000,0.004883,11700,-0.026555,-0.029282
89848,28/02/2005,AGG,ISHARES TRUST,46428722,102.21000,-0.003699,12300,0.022680,0.016643
89848,31/03/2005,AGG,ISHARES TRUST,46428722,100.93000,-0.009711,14600,-0.016949,-0.031842
89848,29/04/2005,AGG,ISHARES TRUST,46428722,102.32000,0.017175,16600,-0.025185,-0.046513
89848,31/05/2005,AGG,ISHARES TRUST,46428722,102.83000,0.008245,17200,0.037956,0.043820
89848,30/06/2005,AGG,ISHARES TRUST,46428722,103.38000,0.008732,19100,0.011532,0.032139
89848,29/07/2005,AGG,ISHARES TRUST,46428722,101.98000,-0.010322,20400,0.043325,0.058751
89848,31/08/2005,AGG,ISHARES TRUST,46428722,102.85000,0.011777,22400,-0.005945,-0.007216
89848,30/09/2005,AGG,ISHARES TRUST,46428722,101.55000,-0.009332,23700,0.010606,0.010533
89848,31/10/2005,AGG,ISHARES TRUST,46428722,100.21000,-0.009882,25600,-0.020877,-0.033876
89848,30/11/2005,AGG,ISHARES TRUST,46428722,100.22000,0.003732,28200,0.040329,0.034319
89848,30/12/2005,AGG,ISHARES TRUST,46428722,100.59000,0.011299,28900,0.003456,0.013484
89848,31/01/2006,AGG,ISHARES TRUST,46428722,100.53000,-0.000596,30100,0.040044,0.076354
89848,28/02/2006,AGG,ISHARES TRUST,46428722,100.32000,0.001599,31400,-0.001637,0.004836
89848,31/03/2006,AGG,ISHARES TRUST,46428722,99.08000,-0.008643,32600,0.019053,0.036978
89848,28/04/2006,AGG,ISHARES TRUST,46428722,98.55000,-0.001485,34300,0.012965,0.009791
89848,31/05/2006,AGG,ISHARES TRUST,46428722,97.98000,-0.001982,35500,-0.031045,-0.044331
89848,30/06/2006,AGG,ISHARES TRUST,46428722,97.44000,-0.001605,37200,-0.000386,-0.008479
89848,31/07/2006,AGG,ISHARES TRUST,46428722,98.40000,0.013831,37800,-0.001884,-0.022698
89848,31/08/2006,AGG,ISHARES TRUST,46428722,99.55000,0.015841,39500,0.025048,0.025011
89848,29/09/2006,AGG,ISHARES TRUST,46428722,100.16000,0.010079,40400,0.019424,0.009006
89848,31/10/2006,AGG,ISHARES TRUST,46428722,100.43000,0.006831,44600,0.037133,0.046211
89848,30/11/2006,AGG,ISHARES TRUST,46428722,101.07000,0.010574,45900,0.023705,0.031168
89848,29/12/2006,AGG,ISHARES TRUST,46428722,99.70000,-0.005970,49000,0.010854,0.014800
89848,31/01/2007,AGG,ISHARES TRUST,46428722,99.63000,-0.000702,50200,0.019401,0.022283
89848,28/02/2007,AGG,ISHARES TRUST,46428722,100.86000,0.016294,53400,-0.013994,0.002111
89848,30/03/2007,AGG,ISHARES TRUST,46428722,100.26000,-0.002044,56000,0.012946,0.006545
89848,30/04/2007,AGG,ISHARES TRUST,46428722,100.46000,0.005878,57700,0.039821,0.027044
89848,31/05/2007,AGG,ISHARES TRUST,46428722,99.16000,-0.009135,59500,0.038932,0.023123
89848,29/06/2007,AGG,ISHARES TRUST,46428722,98.36000,-0.003750,62400,-0.014754,-0.007906
89848,31/07/2007,AGG,ISHARES TRUST,46428722,98.99000,0.010681,65500,-0.031758,-0.043537
89848,31/08/2007,AGG,ISHARES TRUST,46428722,99.82000,0.012740,66900,0.011631,-0.011712
89848,28/09/2007,AGG,ISHARES TRUST,46428722,100.02000,0.006304,71000,0.040849,0.025364
89848,31/10/2007,AGG,ISHARES TRUST,46428722,100.61000,0.010040,72300,0.025834,0.017406
89848,30/11/2007,AGG,ISHARES TRUST,46428722,101.99000,0.017865,76300,-0.049327,-0.076617
89848,31/12/2007,AGG,ISHARES TRUST,46428722,101.17000,-0.000047,76700,-0.004428,-0.010989
89848,31/01/2008,AGG,ISHARES TRUST,46428722,103.51000,0.023129,80100,-0.062147,-0.045066
89848,29/02/2008,AGG,ISHARES TRUST,46428722,102.93000,-0.001597,82500,-0.021664,-0.021401
89848,31/03/2008,AGG,ISHARES TRUST,46428722,102.68000,0.001289,84100,-0.010419,-0.025309
89848,30/04/2008,AGG,ISHARES TRUST,46428722,102.60000,0.003263,85800,0.051106,0.031907
89848,30/05/2008,AGG,ISHARES TRUST,46428722,100.98000,-0.012608,89400,0.023841,0.031787
89848,30/06/2008,AGG,ISHARES TRUST,46428722,100.40000,-0.001840,92900,-0.078433,-0.086625
89848,31/07/2008,AGG,ISHARES TRUST,46428722,100.41000,0.003920,93200,-0.013328,-0.001295
89848,29/08/2008,AGG,ISHARES TRUST,46428722,100.75000,0.007393,95800,0.010563,0.013023
89848,30/09/2008,AGG,ISHARES TRUST,46428722,98.59000,-0.017531,96900,-0.098007,-0.120091
89848,31/10/2008,AGG,ISHARES TRUST,46428722,95.96000,-0.022720,94000,-0.184621,-0.205222
89848,28/11/2008,AGG,ISHARES TRUST,46428722,98.45000,0.030117,93000,-0.084615,-0.130320
89848,31/12/2008,AGG,ISHARES TRUST,46428722,104.20000,0.066314,93400,0.022148,0.042176
89848,30/01/2009,AGG,ISHARES TRUST,46428722,102.13000,-0.019866,95700,-0.077323,-0.024042
89848,27/02/2009,AGG,ISHARES TRUST,46428722,100.69000,-0.010518,96500,-0.100214,-0.107667
89848,31/03/2009,AGG,ISHARES TRUST,46428722,101.47000,0.010994,96500,0.086690,0.107474
89848,30/04/2009,AGG,ISHARES TRUST,46428722,101.64000,0.005134,94900,0.109359,0.192762
89848,29/05/2009,AGG,ISHARES TRUST,46428722,102.03000,0.007078,95400,0.067788,0.102330
89848,30/06/2009,AGG,ISHARES TRUST,46428722,102.15000,0.004198,95400,-0.003098,0.023921
89848,31/07/2009,AGG,ISHARES TRUST,46428722,103.10000,0.012652,98100,0.081719,0.085217
89848,31/08/2009,AGG,ISHARES TRUST,46428722,104.02000,0.012166,99100,0.031459,0.056864
89848,30/09/2009,AGG,ISHARES TRUST,46428722,104.92000,0.011845,101300,0.045222,0.071255
89848,30/10/2009,AGG,ISHARES TRUST,46428722,104.81000,0.002211,104200,-0.027993,-0.050612
89848,30/11/2009,AGG,ISHARES TRUST,46428722,105.83000,0.012821,106500,0.057098,0.028476
89848,31/12/2009,AGG,ISHARES TRUST,46428722,103.19000,-0.022095,109500,0.028419,0.055001
89848,29/01/2010,AGG,ISHARES TRUST,46428722,104.65000,0.014149,108500,-0.037096,-0.011388
89848,26/02/2010,AGG,ISHARES TRUST,46428722,104.53000,0.001979,108500,0.034774,0.033603
89848,31/03/2010,AGG,ISHARES TRUST,46428722,104.20000,-0.000067,109500,0.063606,0.069289
89848,30/04/2010,AGG,ISHARES TRUST,46428722,104.89000,0.009703,109800,0.020043,0.057843
89848,28/05/2010,AGG,ISHARES TRUST,46428722,105.71000,0.010788,108800,-0.079136,-0.076929
89848,30/06/2010,AGG,ISHARES TRUST,46428722,107.25000,0.017629,114200,-0.050725,-0.056799
89848,30/07/2010,AGG,ISHARES TRUST,46428722,107.85000,0.008526,115700,0.070292,0.059940
89848,31/08/2010,AGG,ISHARES TRUST,46428722,108.94000,0.012828,115000,-0.042813,-0.047566
89848,30/09/2010,AGG,ISHARES TRUST,46428722,108.65000,0.000078,117200,0.091518,0.096418
89848,29/10/2010,AGG,ISHARES TRUST,46428722,108.55000,0.001514,115000,0.038531,0.040681
89848,30/11/2010,AGG,ISHARES TRUST,46428722,107.37000,-0.008332,112400,0.005108,0.010736
89848,31/12/2010,AGG,ISHARES TRUST,46428722,105.75000,-0.006736,108800,0.067150,0.068851
89848,31/01/2011,AGG,ISHARES TRUST,46428722,105.66000,-0.000851,106200,0.019157,0.014412
89848,28/02/2011,AGG,ISHARES TRUST,46428722,105.65000,0.002897,104600,0.038165,0.037036
89848,31/03/2011,AGG,ISHARES TRUST,46428722,105.13000,-0.002225,104000,0.003366,0.008605
89848,29/04/2011,AGG,ISHARES TRUST,46428722,106.46000,0.015631,103100,0.028688,0.019203
89848,31/05/2011,AGG,ISHARES TRUST,46428722,107.46000,0.012362,105600,-0.014935,-0.018549
89848,30/06/2011,AGG,ISHARES TRUST,46428722,106.67000,-0.004442,111100,-0.018395,-0.024106
89848,29/07/2011,AGG,ISHARES TRUST,46428722,108.16000,0.016814,113300,-0.022470,-0.021813
89848,31/08/2011,AGG,ISHARES TRUST,46428722,109.50000,0.015162,115100,-0.057472,-0.075715
89848,30/09/2011,AGG,ISHARES TRUST,46428722,110.11000,0.007690,123200,-0.084873,-0.100920
89848,31/10/2011,AGG,ISHARES TRUST,46428722,110.03000,0.001266,125300,0.113977,0.107697
89848,30/11/2011,AGG,ISHARES TRUST,46428722,109.38000,-0.003303,126900,-0.006226,-0.020645
89848,30/12/2011,AGG,ISHARES TRUST,46428722,110.25000,0.013493,128700,0.003702,-0.003561
89848,31/01/2012,AGG,ISHARES TRUST,46428722,111.05000,0.007256,132300,0.054076,0.085342
89848,29/02/2012,AGG,ISHARES TRUST,46428722,110.76000,-0.000135,133300,0.041186,0.036494
89848,30/03/2012,AGG,ISHARES TRUST,46428722,109.85000,-0.005718,134400,0.023994,0.017608
89848,30/04/2012,AGG,ISHARES TRUST,46428722,110.60000,0.009042,134600,-0.006801,-0.009106
89848,31/05/2012,AGG,ISHARES TRUST,46428722,111.56000,0.010763,136900,-0.065531,-0.068434
89848,29/06/2012,AGG,ISHARES TRUST,46428722,111.30000,-0.000194,139400,0.038156,0.034188
89848,31/07/2012,AGG,ISHARES TRUST,46428722,112.59000,0.013596,138300,0.010266,-0.003281
89848,31/08/2012,AGG,ISHARES TRUST,46428722,112.37000,0.000001,138300,0.026265,0.024820
89848,28/09/2012,AGG,ISHARES TRUST,46428722,112.44800,0.002639,139600,0.026539,0.034925
89848,31/10/2012,AGG,ISHARES TRUST,46428722,112.19000,-0.000454,142000,-0.014101,-0.013477
89848,30/11/2012,AGG,ISHARES TRUST,46428722,112.25000,0.002697,138400,0.006193,0.002790
89848,31/12/2012,AGG,ISHARES TRUST,46428722,111.08000,-0.002434,138100,0.012531,0.021872
89848,31/01/2013,AGG,ISHARES TRUST,46428722,110.39000,-0.006212,135700,0.054094,0.063509
89848,28/02/2013,AGG,ISHARES TRUST,46428722,110.83000,0.005901,134100,0.008332,0.003500
89848,28/03/2013,AGG,ISHARES TRUST,46428722,110.73000,0.000988,136400,0.035274,0.031419
89848,30/04/2013,AGG,ISHARES TRUST,46428722,111.54000,0.009666,139900,0.014945,0.002477
89848,31/05/2013,AGG,ISHARES TRUST,46428722,109.11000,-0.019979,142000,0.019067,0.023985
89848,28/06/2013,AGG,ISHARES TRUST,46428722,107.21000,-0.015624,139200,-0.015039,-0.013012
89848,31/07/2013,AGG,ISHARES TRUST,46428722,107.30000,0.002682,137300,0.052681,0.054898
89848,30/08/2013,AGG,ISHARES TRUST,46428722,106.21000,-0.008252,134600,-0.025714,-0.017278
89848,30/09/2013,AGG,ISHARES TRUST,46428722,107.20000,0.011187,134600,0.037477,0.051828
89848,31/10/2013,AGG,ISHARES TRUST,46428722,107.89900,0.008300,135700,0.039852,0.025762
89848,29/11/2013,AGG,ISHARES TRUST,46428722,107.44000,-0.002491,136900,0.024947,0.023398
89848,31/12/2013,AGG,ISHARES TRUST,46428722,106.43000,-0.005558,143600,0.026126,0.025242
89848,31/01/2014,AGG,ISHARES TRUST,46428722,108.07000,0.015409,144000,-0.029957,-0.001282
89848,28/02/2014,AGG,ISHARES TRUST,46428722,108.27000,0.003754,147700,0.046173,0.044257
89848,31/03/2014,AGG,ISHARES TRUST,46428722,107.91000,-0.001477,150000,0.004469,0.001028
89848,30/04/2014,AGG,ISHARES TRUST,46428722,108.59000,0.008200,154000,0.001661,-0.022319
89848,30/05/2014,AGG,ISHARES TRUST,46428722,109.67000,0.011772,156600,0.020219,0.006647
89848,30/06/2014,AGG,ISHARES TRUST,46428722,109.40000,-0.000574,160900,0.027941,0.039501
89848,31/07/2014,AGG,ISHARES TRUST,46428722,108.93000,-0.002508,164700,-0.020523,-0.035223
89848,29/08/2014,AGG,ISHARES TRUST,46428722,109.98000,0.011475,165900,0.040186,0.033697
89848,30/09/2014,AGG,ISHARES TRUST,46428722,109.11000,-0.006141,173000,-0.025129,-0.044988
89848,31/10/2014,AGG,ISHARES TRUST,46428722,110.08000,0.010622,192100,0.021184,0.014199
89848,28/11/2014,AGG,ISHARES TRUST,46428722,110.61000,0.006559,196300,0.021150,-0.002457
89848,31/12/2014,AGG,ISHARES TRUST,46428722,110.12000,0.001459,211500,-0.003616,-0.000190
89848,30/01/2015,AGG,ISHARES TRUST,46428722,112.38000,0.020523,214600,-0.027152,-0.019073
89848,27/02/2015,AGG,ISHARES TRUST,46428722,111.20000,-0.008933,217400,0.055948,0.054123
89848,31/03/2015,AGG,ISHARES TRUST,46428722,111.43000,0.003738,215800,-0.010439,-0.005112
89848,30/04/2015,AGG,ISHARES TRUST,46428722,110.86000,-0.003224,218500,0.008723,0.015127
89848,29/05/2015,AGG,ISHARES TRUST,46428722,110.17000,-0.004365,225800,0.010326,0.003962
89848,30/06/2015,AGG,ISHARES TRUST,46428722,108.78000,-0.010744,229400,-0.019259,-0.013473
89848,31/07/2015,AGG,ISHARES TRUST,46428722,109.50000,0.008608,234900,0.012095,-0.027144
89848,31/08/2015,AGG,ISHARES TRUST,46428722,108.92000,-0.003353,238200,-0.059996,-0.047295
89848,30/09/2015,AGG,ISHARES TRUST,46428722,109.58000,0.008101,242900,-0.033738,-0.049922
89848,30/10/2015,AGG,ISHARES TRUST,46428722,109.45000,0.000685,252300,0.073963,0.052873
89848,30/11/2015,AGG,ISHARES TRUST,46428722,108.81000,-0.003887,275000,0.002442,0.007333
89848,31/12/2015,AGG,ISHARES TRUST,46428722,108.01000,-0.001910,283500,-0.022257,-0.035887
89848,29/01/2016,AGG,ISHARES TRUST,46428722,109.35000,0.012406,290300,-0.057035,-0.074951
89848,29/02/2016,AGG,ISHARES TRUST,46428722,110.09000,0.008852,299300,0.000682,0.005557
89848,31/03/2016,AGG,ISHARES TRUST,46428722,110.82500,0.008679,315200,0.070460,0.078191
89848,29/04/2016,AGG,ISHARES TRUST,46428722,110.89000,0.002585,322700,0.011799,0.039834
89848,31/05/2016,AGG,ISHARES TRUST,46428722,110.70000,0.000137,331900,0.014296,-0.000617
89848,30/06/2016,AGG,ISHARES TRUST,46428722,112.61500,0.019270,344900,0.003123,0.005839
89848,29/07/2016,AGG,ISHARES TRUST,46428722,113.02000,0.005483,358100,0.038740,0.049867
89848,31/08/2016,AGG,ISHARES TRUST,46428722,112.57000,-0.002153,366900,0.002787,0.013067
89848,30/09/2016,AGG,ISHARES TRUST,46428722,112.42000,0.000511,370900,0.003016,0.015373
89848,31/10/2016,AGG,ISHARES TRUST,46428722,111.30000,-0.008156,378200,-0.021590,-0.039941
89848,30/11/2016,AGG,ISHARES TRUST,46428722,108.24000,-0.025609,381400,0.040415,0.050505
89848,30/12/2016,AGG,ISHARES TRUST,46428722,108.06000,0.002518,384700,0.018775,0.015889
89848,31/01/2017,AGG,ISHARES TRUST,46428722,108.29000,0.002128,388600,0.022177,0.025931
89848,28/02/2017,AGG,ISHARES TRUST,46428722,108.77000,0.006446,389000,0.032638,0.017130
89848,31/03/2017,AGG,ISHARES TRUST,46428722,108.49000,-0.000549,399500,0.002089,0.006390
89848,28/04/2017,AGG,ISHARES TRUST,46428722,109.25000,0.009055,404600,0.009612,0.003684
89848,31/05/2017,AGG,ISHARES TRUST,46428722,109.76000,0.006857,413300,0.009340,-0.011327
89848,30/06/2017,AGG,ISHARES TRUST,46428722,109.51000,-0.000181,433600,0.009460,0.022916
89848,31/07/2017,AGG,ISHARES TRUST,46428722,109.65000,0.003335,443200,0.020327,0.009110
89848,31/08/2017,AGG,ISHARES TRUST,46428722,110.45000,0.009392,454700,0.001591,-0.008749
89848,29/09/2017,AGG,ISHARES TRUST,46428722,109.59000,-0.005706,459300,0.023704,0.046757
89848,31/10/2017,AGG,ISHARES TRUST,46428722,109.47000,0.000979,469000,0.019264,0.002211
89848,30/11/2017,AGG,ISHARES TRUST,46428722,109.08000,-0.001480,478900,0.027269,0.020836
89848,29/12/2017,AGG,ISHARES TRUST,46428722,109.33000,0.004742,485200,0.012163,0.014220
91381,30/06/2006,,,46428R10,,,,-0.000386,-0.008479
91381,31/07/2006,GSG,ISHARES GSCI COMMODITY INDEX TR,46428R10,50.75000,C,13950,-0.001884,-0.022698
91381,31/08/2006,GSG,ISHARES GSCI COMMODITY INDEX TR,46428R10,47.13000,-0.071330,13950,0.025048,0.025011
91381,29/09/2006,GSG,ISHARES GSCI COMMODITY INDEX TR,46428R10,42.07000,-0.107363,13950,0.019424,0.009006
91381,31/10/2006,GSG,ISHARES GSCI COMMODITY INDEX TR,46428R10,41.00000,-0.025434,13950,0.037133,0.046211
91381,30/11/2006,GSG,ISHARES GSCI COMMODITY INDEX TR,46428R10,43.05000,0.050000,2850,0.023705,0.031168
91381,29/12/2006,GSG,ISHARES GSCI COMMODITY INDEX TR,46428R10,40.07000,-0.069222,3600,0.010854,0.014800
91381,31/01/2007,GSG,ISHARES GSCI COMMODITY INDEX TR,46428R10,39.05000,-0.025455,4150,0.019401,0.022283
91381,28/02/2007,GSG,ISHARES GSCI COMMODITY INDEX TR,46428R10,40.50000,0.037132,4350,-0.013994,0.002111
91381,30/03/2007,GSG,ISHARES GSCI COMMODITY INDEX TR,46428R10,41.50000,0.024691,4350,0.012946,0.006545
91381,30/04/2007,GSG,ISHARES GSCI COMMODITY INDEX TR,46428R10,41.69000,0.004578,4550,0.039821,0.027044
91381,31/05/2007,GSG,ISHARES S & P GSCI COMM INDEX TR,46428R10,41.20000,-0.011753,5400,0.038932,0.023123
91381,29/06/2007,GSG,ISHARES S & P GSCI COMM INDEX TR,46428R10,42.49000,0.031311,6250,-0.014754,-0.007906
91381,31/07/2007,GSG,ISHARES S & P GSCI COMM INDEX TR,46428R10,44.52000,0.047776,7450,-0.031758,-0.043537
91381,31/08/2007,GSG,ISHARES S & P GSCI COMM INDEX TR,46428R10,43.10000,-0.031896,7300,0.011631,-0.011712
91381,28/09/2007,GSG,ISHARES S & P GSCI COMM INDEX TR,46428R10,47.17000,0.094432,7800,0.040849,0.025364
91381,31/10/2007,GSG,ISHARES S & P GSCI COMM INDEX TR,46428R10,50.00000,0.059996,8200,0.025834,0.017406
91381,30/11/2007,GSG,ISHARES S & P GSCI COMM INDEX TR,46428R10,49.77000,-0.004600,8750,-0.049327,-0.076617
91381,31/12/2007,GSG,ISHARES S & P GSCI COMM INDEX TR,46428R10,52.74000,0.059675,8750,-0.004428,-0.010989
91381,31/01/2008,GSG,ISHARES S & P GSCI COMM INDEX TR,46428R10,52.50000,-0.004551,9200,-0.062147,-0.045066
91381,29/02/2008,GSG,ISHARES S & P GSCI COMM INDEX TR,46428R10,58.41000,0.112571,10700,-0.021664,-0.021401
91381,31/03/2008,GSG,ISHARES S & P GSCI COMM INDEX TR,46428R10,57.86000,-0.009416,11000,-0.010419,-0.025309
91381,30/04/2008,GSG,ISHARES S & P GSCI COMM INDEX TR,46428R10,62.60000,0.081922,11500,0.051106,0.031907
91381,30/05/2008,GSG,ISHARES S & P GSCI COMM INDEX TR,46428R10,67.90000,0.084665,11500,0.023841,0.031787
91381,30/06/2008,GSG,ISHARES S & P GSCI COMM INDEX TR,46428R10,74.91000,0.103240,11500,-0.078433,-0.086625
91381,31/07/2008,GSG,ISHARES S & P GSCI COMM INDEX TR,46428R10,64.93000,-0.133227,11500,-0.013328,-0.001295
91381,29/08/2008,GSG,ISHARES S & P GSCI COMM INDEX TR,46428R10,60.07000,-0.074850,13200,0.010563,0.013023
91381,30/09/2008,GSG,ISHARES S & P GSCI COMM INDEX TR,46428R10,53.80000,-0.104378,13200,-0.098007,-0.120091
91381,31/10/2008,GSG,ISHARES S & P GSCI COMM INDEX TR,46428R10,37.84000,-0.296654,13200,-0.184621,-0.205222
91381,28/11/2008,GSG,ISHARES S & P GSCI COMM INDEX TR,46428R10,32.21000,-0.148784,13450,-0.084615,-0.130320
91381,31/12/2008,GSG,ISHARES S & P GSCI COMM INDEX TR,46428R10,28.61000,-0.111766,13450,0.022148,0.042176
91381,30/01/2009,GSG,ISHARES S & P GSCI COMM INDEX TR,46428R10,25.65000,-0.103460,13450,-0.077323,-0.024042
91381,27/02/2009,GSG,ISHARES S & P GSCI COMM INDEX TR,46428R10,24.08000,-0.061209,21750,-0.100214,-0.107667
91381,31/03/2009,GSG,ISHARES S & P GSCI COMM INDEX TR,46428R10,25.18000,0.045681,21750,0.086690,0.107474
91381,30/04/2009,GSG,ISHARES S & P GSCI COMM INDEX TR,46428R10,24.79000,-0.015488,21750,0.109359,0.192762
91381,29/05/2009,GSG,ISHARES S & P GSCI COMM INDEX TR,46428R10,30.12000,0.215006,21750,0.067788,0.102330
91381,30/06/2009,GSG,ISHARES S & P GSCI COMM INDEX TR,46428R10,30.05000,-0.002324,21750,-0.003098,0.023921
91381,31/07/2009,GSG,ISHARES S & P GSCI COMM INDEX TR,46428R10,30.27000,0.007321,51400,0.081719,0.085217
91381,31/08/2009,GSG,ISHARES S & P GSCI COMM INDEX TR,46428R10,30.40000,0.004295,50350,0.031459,0.056864
91381,30/09/2009,GSG,ISHARES S & P GSCI COMM INDEX TR,46428R10,29.68000,-0.023684,50350,0.045222,0.071255
91381,30/10/2009,GSG,ISHARES S & P GSCI COMM INDEX TR,46428R10,31.11000,0.048181,50350,-0.027993,-0.050612
91381,30/11/2009,GSG,ISHARES S & P GSCI COMM INDEX TR,46428R10,31.51000,0.012858,50350,0.057098,0.028476
91381,31/12/2009,GSG,ISHARES S & P GSCI COMM INDEX TR,46428R10,31.82000,0.009838,55550,0.028419,0.055001
91381,29/01/2010,GSG,ISHARES S & P GSCI COMM INDEX TR,46428R10,29.24000,-0.081081,55550,-0.037096,-0.011388
91381,26/02/2010,GSG,ISHARES S & P GSCI COMM INDEX TR,46428R10,30.97000,0.059166,55550,0.034774,0.033603
91381,31/03/2010,GSG,ISHARES S & P GSCI COMM INDEX TR,46428R10,31.16000,0.006135,55550,0.063606,0.069289
91381,30/04/2010,GSG,ISHARES S & P GSCI COMM INDEX TR,46428R10,32.14000,0.031451,55550,0.020043,0.057843
91381,28/05/2010,GSG,ISHARES S & P GSCI COMM INDEX TR,46428R10,27.77000,-0.135968,55550,-0.079136,-0.076929
91381,30/06/2010,GSG,ISHARES S & P GSCI COMM INDEX TR,46428R10,27.79000,0.000720,55550,-0.050725,-0.056799
91381,30/07/2010,GSG,ISHARES S & P GSCI COMM INDEX TR,46428R10,29.39000,0.057575,56450,0.070292,0.059940
91381,31/08/2010,GSG,ISHARES S & P GSCI COMM INDEX TR,46428R10,27.78000,-0.054780,56450,-0.042813,-0.047566
91381,30/09/2010,GSG,ISHARES S & P GSCI COMM INDEX TR,46428R10,30.01000,0.080274,56450,0.091518,0.096418
91381,29/10/2010,GSG,ISHARES S & P GSCI COMM INDEX TR,46428R10,30.88000,0.028990,56450,0.038531,0.040681
91381,30/11/2010,GSG,ISHARES S & P GSCI COMM INDEX TR,46428R10,31.26000,0.012306,56450,0.005108,0.010736
91381,31/12/2010,GSG,ISHARES S & P GSCI COMM INDEX TR,46428R10,34.10000,0.090851,56450,0.067150,0.068851
91381,31/01/2011,GSG,ISHARES S & P GSCI COMM INDEX TR,46428R10,35.16000,0.031085,52650,0.019157,0.014412
91381,28/02/2011,GSG,ISHARES S & P GSCI COMM INDEX TR,46428R10,36.09000,0.026451,54550,0.038165,0.037036
91381,31/03/2011,GSG,ISHARES S & P GSCI COMM INDEX TR,46428R10,37.35000,0.034913,54050,0.003366,0.008605
91381,29/04/2011,GSG,ISHARES S & P GSCI COMM INDEX TR,46428R10,38.94000,0.042570,52100,0.028688,0.019203
91381,31/05/2011,GSG,ISHARES S & P GSCI COMM INDEX TR,46428R10,36.27000,-0.068567,47850,-0.014935,-0.018549
91381,30/06/2011,GSG,ISHARES S & P GSCI COMM INDEX TR,46428R10,34.11000,-0.059553,44700,-0.018395,-0.024106
91381,29/07/2011,GSG,ISHARES S & P GSCI COMM INDEX TR,46428R10,35.19000,0.031662,44650,-0.022470,-0.021813
91381,31/08/2011,GSG,ISHARES S & P GSCI COMM INDEX TR,46428R10,34.59000,-0.017050,42850,-0.057472,-0.075715
91381,30/09/2011,GSG,ISHARES S & P GSCI COMM INDEX TR,46428R10,30.19000,-0.127204,41650,-0.084873,-0.100920
91381,31/10/2011,GSG,ISHARES S & P GSCI COMM INDEX TR,46428R10,33.29000,0.102683,40100,0.113977,0.107697
91381,30/11/2011,GSG,ISHARES S & P GSCI COMM INDEX TR,46428R10,33.79000,0.015020,40100,-0.006226,-0.020645
91381,30/12/2011,GSG,ISHARES S & P GSCI COMM INDEX TR,46428R10,32.98000,-0.023972,39750,0.003702,-0.003561
91381,31/01/2012,GSG,ISHARES S & P GSCI COMM INDEX TR,46428R10,33.77000,0.023954,39750,0.054076,0.085342
91381,29/02/2012,GSG,ISHARES S & P GSCI COMM INDEX TR,46428R10,35.87000,0.062185,39750,0.041186,0.036494
91381,30/03/2012,GSG,ISHARES S & P GSCI COMM INDEX TR,46428R10,34.78000,-0.030388,40750,0.023994,0.017608
91381,30/04/2012,GSG,ISHARES S & P GSCI COMM INDEX TR,46428R10,34.66000,-0.003450,40750,-0.006801,-0.009106
91381,31/05/2012,GSG,ISHARES S & P GSCI COMM INDEX TR,46428R10,30.23000,-0.127813,39150,-0.065531,-0.068434
91381,29/06/2012,GSG,ISHARES S & P GSCI COMM INDEX TR,46428R10,30.44000,0.006947,38650,0.038156,0.034188
91381,31/07/2012,GSG,ISHARES S & P GSCI COMM INDEX TR,46428R10,32.23000,0.058804,38700,0.010266,-0.003281
91381,31/08/2012,GSG,ISHARES S & P GSCI COMM INDEX TR,46428R10,34.54000,0.071672,38800,0.026265,0.024820
91381,28/09/2012,GSG,ISHARES S & P GSCI COMM INDEX TR,46428R10,33.80000,-0.021424,38950,0.026539,0.034925
91381,31/10/2012,GSG,ISHARES S & P GSCI COMM INDEX TR,46428R10,32.44000,-0.040237,37750,-0.014101,-0.013477
91381,30/11/2012,GSG,ISHARES S & P GSCI COMM INDEX TR,46428R10,32.96000,0.016030,36700,0.006193,0.002790
91381,31/12/2012,GSG,ISHARES S & P GSCI COMM INDEX TR,46428R10,32.79000,-0.005158,35550,0.012531,0.021872
91381,31/01/2013,GSG,ISHARES S & P GSCI COMM INDEX TR,46428R10,34.29000,0.045746,34700,0.054094,0.063509
91381,28/02/2013,GSG,ISHARES S & P GSCI COMM INDEX TR,46428R10,32.54000,-0.051035,35250,0.008332,0.003500
91381,28/03/2013,GSG,ISHARES S & P GSCI COMM INDEX TR,46428R10,32.90000,0.011063,34800,0.035274,0.031419
91381,30/04/2013,GSG,ISHARES S & P GSCI COMM INDEX TR,46428R10,31.29000,-0.048936,34050,0.014945,0.002477
91381,31/05/2013,GSG,ISHARES S & P GSCI COMM INDEX TR,46428R10,30.80900,-0.015372,33700,0.019067,0.023985
91381,28/06/2013,GSG,ISHARES S & P GSCI COMM INDEX TR,46428R10,30.80000,-0.000292,33650,-0.015039,-0.013012
91381,31/07/2013,GSG,ISHARES S & P GSCI COMM INDEX TR,46428R10,32.54000,0.056494,35050,0.052681,0.054898
91381,30/08/2013,GSG,ISHARES S & P GSCI COMM INDEX TR,46428R10,33.55000,0.031039,35400,-0.025714,-0.017278
91381,30/09/2013,GSG,ISHARES S & P GSCI COMM INDEX TR,46428R10,32.38000,-0.034873,39350,0.037477,0.051828
91381,31/10/2013,GSG,ISHARES S & P GSCI COMM INDEX TR,46428R10,31.91000,-0.014515,36150,0.039852,0.025762
91381,29/11/2013,GSG,ISHARES S & P GSCI COMM INDEX TR,46428R10,31.76000,-0.004701,35900,0.024947,0.023398
91381,31/12/2013,GSG,ISHARES S & P GSCI COMM INDEX TR,46428R10,32.19000,0.013539,36400,0.026126,0.025242
91381,31/01/2014,GSG,ISHARES S & P GSCI COMM INDEX TR,46428R10,31.48000,-0.022057,32600,-0.029957,-0.001282
91381,28/02/2014,GSG,ISHARES S & P GSCI COMM INDEX TR,46428R10,32.99000,0.047967,32250,0.046173,0.044257
91381,31/03/2014,GSG,ISHARES S & P GSCI COMM INDEX TR,46428R10,32.97000,-0.000606,32850,0.004469,0.001028
91381,30/04/2014,GSG,ISHARES S & P GSCI COMM INDEX TR,46428R10,33.30000,0.010009,32850,0.001661,-0.022319
91381,30/05/2014,GSG,ISHARES S & P GSCI COMM INDEX TR,46428R10,33.13000,-0.005105,35750,0.020219,0.006647
91381,30/06/2014,GSG,ISHARES S & P GSCI COMM INDEX TR,46428R10,33.92000,0.023845,32000,0.027941,0.039501
91381,31/07/2014,GSG,ISHARES S & P GSCI COMM INDEX TR,46428R10,32.00000,-0.056604,35600,-0.020523,-0.035223
91381,29/08/2014,GSG,ISHARES S & P GSCI COMM INDEX TR,46428R10,31.50000,-0.015625,33500,0.040186,0.033697
91381,30/09/2014,GSG,ISHARES S & P GSCI COMM INDEX TR,46428R10,29.59000,-0.060635,33150,-0.025129,-0.044988
91381,31/10/2014,GSG,ISHARES S & P GSCI COMM INDEX TR,46428R10,27.83000,-0.059480,33650,0.021184,0.014199
91381,28/11/2014,GSG,ISHARES S & P GSCI COMM INDEX TR,46428R10,25.02000,-0.100970,34400,0.021150,-0.002457
91381,31/12/2014,GSG,ISHARES S & P GSCI COMM INDEX TR,46428R10,21.58000,-0.137490,36750,-0.003616,-0.000190
91381,30/01/2015,GSG,ISHARES S & P GSCI COMM INDEX TR,46428R10,19.70000,-0.087118,37600,-0.027152,-0.019073
91381,27/02/2015,GSG,ISHARES S & P GSCI COMM INDEX TR,46428R10,20.87000,0.059391,39750,0.055948,0.054123
91381,31/03/2015,GSG,ISHARES S & P GSCI COMM INDEX TR,46428R10,19.50000,-0.065645,40750,-0.010439,-0.005112
91381,30/04/2015,GSG,ISHARES S & P GSCI COMM INDEX TR,46428R10,21.63000,0.109231,40550,0.008723,0.015127
91381,29/05/2015,GSG,ISHARES S & P GSCI COMM INDEX TR,46428R10,21.16000,-0.021729,41250,0.010326,0.003962
91381,30/06/2015,GSG,ISHARES S & P GSCI COMM INDEX TR,46428R10,21.11000,-0.002363,40200,-0.019259,-0.013473
91381,31/07/2015,GSG,ISHARES S & P GSCI COMM INDEX TR,46428R10,18.12000,-0.141639,40900,0.012095,-0.027144
91381,31/08/2015,GSG,ISHARES S & P GSCI COMM INDEX TR,46428R10,18.17000,0.002759,42500,-0.059996,-0.047295
91381,30/09/2015,GSG,ISHARES S & P GSCI COMM INDEX TR,46428R10,17.08000,-0.059989,43900,-0.033738,-0.049922
91381,30/10/2015,GSG,ISHARES S & P GSCI COMM INDEX TR,46428R10,17.07000,-0.000585,44350,0.073963,0.052873
91381,30/11/2015,GSG,ISHARES S & P GSCI COMM INDEX TR,46428R10,15.51000,-0.091388,45700,0.002442,0.007333
91381,31/12/2015,GSG,ISHARES S & P GSCI COMM INDEX TR,46428R10,14.23000,-0.082527,46850,-0.022257,-0.035887
91381,29/01/2016,GSG,ISHARES S & P GSCI COMM INDEX TR,46428R10,13.48000,-0.052706,50200,-0.057035,-0.074951
91381,29/02/2016,GSG,ISHARES S & P GSCI COMM INDEX TR,46428R10,13.20000,-0.020771,51050,0.000682,0.005557
91381,31/03/2016,GSG,ISHARES S & P GSCI COMM INDEX TR,46428R10,13.79000,0.044697,54350,0.070460,0.078191
91381,29/04/2016,GSG,ISHARES S & P GSCI COMM INDEX TR,46428R10,15.22000,0.103698,56200,0.011799,0.039834
91381,31/05/2016,GSG,ISHARES S & P GSCI COMM INDEX TR,46428R10,15.42000,0.013141,59750,0.014296,-0.000617
91381,30/06/2016,GSG,ISHARES S & P GSCI COMM INDEX TR,46428R10,15.52000,0.006485,59750,0.003123,0.005839
91381,29/07/2016,GSG,ISHARES S & P GSCI COMM INDEX TR,46428R10,13.96000,-0.100515,63950,0.038740,0.049867
91381,31/08/2016,GSG,ISHARES S & P GSCI COMM INDEX TR,46428R10,14.24000,0.020057,60150,0.002787,0.013067
91381,30/09/2016,GSG,ISHARES S & P GSCI COMM INDEX TR,46428R10,14.82000,0.040730,60350,0.003016,0.015373
91381,31/10/2016,GSG,ISHARES S & P GSCI COMM INDEX TR,46428R10,14.56000,-0.017544,62950,-0.021590,-0.039941
91381,30/11/2016,GSG,ISHARES S & P GSCI COMM INDEX TR,46428R10,14.92000,0.024725,63550,0.040415,0.050505
91381,30/12/2016,GSG,ISHARES S & P GSCI COMM INDEX TR,46428R10,15.67000,0.050268,66300,0.018775,0.015889
91381,31/01/2017,GSG,ISHARES S & P GSCI COMM INDEX TR,46428R10,15.43000,-0.015316,68700,0.022177,0.025931
91381,28/02/2017,GSG,ISHARES S & P GSCI COMM INDEX TR,46428R10,15.45000,0.001296,72200,0.032638,0.017130
91381,31/03/2017,GSG,ISHARES S & P GSCI COMM INDEX TR,46428R10,14.82000,-0.040777,72000,0.002089,0.006390
91381,28/04/2017,GSG,ISHARES S & P GSCI COMM INDEX TR,46428R10,14.43000,-0.026316,70200,0.009612,0.003684
91381,31/05/2017,GSG,ISHARES S & P GSCI COMM INDEX TR,46428R10,14.26000,-0.011781,69850,0.009340,-0.011327
91381,30/06/2017,GSG,ISHARES S & P GSCI COMM INDEX TR,46428R10,14.02000,-0.016830,77100,0.009460,0.022916
91381,31/07/2017,GSG,ISHARES S & P GSCI COMM INDEX TR,46428R10,14.61000,0.042083,80800,0.020327,0.009110
91381,31/08/2017,GSG,ISHARES S & P GSCI COMM INDEX TR,46428R10,14.46000,-0.010267,81150,0.001591,-0.008749
91381,29/09/2017,GSG,ISHARES S & P GSCI COMM INDEX TR,46428R10,14.90000,0.030429,81400,0.023704,0.046757
91381,31/10/2017,GSG,ISHARES S & P GSCI COMM INDEX TR,46428R10,15.48000,0.038926,81900,0.019264,0.002211
91381,30/11/2017,GSG,ISHARES S & P GSCI COMM INDEX TR,46428R10,15.68000,0.012920,84250,0.027269,0.020836
91381,29/12/2017,GSG,ISHARES S & P GSCI COMM INDEX TR,46428R10,16.28000,0.038265,85200,0.012163,0.014220
92585,29/02/2008,,,46428825,,,,-0.021664,-0.021401
92585,31/03/2008,ACWI,ISHARES TRUST,46428825,49.32000,C,100,-0.010419,-0.025309
92585,30/04/2008,ACWI,ISHARES TRUST,46428825,53.25000,0.079684,100,0.051106,0.031907
92585,30/05/2008,ACWI,ISHARES TRUST,46428825,53.71000,0.008638,100,0.023841,0.031787
92585,30/06/2008,ACWI,ISHARES TRUST,46428825,49.42000,-0.079873,100,-0.078433,-0.086625
92585,31/07/2008,ACWI,ISHARES TRUST,46428825,47.86000,-0.031566,1400,-0.013328,-0.001295
92585,29/08/2008,ACWI,ISHARES TRUST,46428825,47.06000,-0.016715,1400,0.010563,0.013023
92585,30/09/2008,ACWI,ISHARES TRUST,46428825,41.29000,-0.122609,3700,-0.098007,-0.120091
92585,31/10/2008,ACWI,ISHARES TRUST,46428825,33.69000,-0.184064,3700,-0.184621,-0.205222
92585,28/11/2008,ACWI,ISHARES TRUST,46428825,30.74000,-0.087563,3700,-0.084615,-0.130320
92585,31/12/2008,ACWI,ISHARES TRUST,46428825,32.42000,0.061077,3700,0.022148,0.042176
92585,30/01/2009,ACWI,ISHARES TRUST,46428825,28.73000,-0.113819,3700,-0.077323,-0.024042
92585,27/02/2009,ACWI,ISHARES TRUST,46428825,25.94000,-0.097111,3700,-0.100214,-0.107667
92585,31/03/2009,ACWI,ISHARES TRUST,46428825,28.33000,0.092136,3700,0.086690,0.107474
92585,30/04/2009,ACWI,ISHARES TRUST,46428825,31.95000,0.127780,3700,0.109359,0.192762
92585,29/05/2009,ACWI,ISHARES TRUST,46428825,35.30000,0.104851,3700,0.067788,0.102330
92585,30/06/2009,ACWI,ISHARES TRUST,46428825,34.49000,-0.015412,3700,-0.003098,0.023921
92585,31/07/2009,ACWI,ISHARES TRUST,46428825,37.74000,0.094230,3700,0.081719,0.085217
92585,31/08/2009,ACWI,ISHARES TRUST,46428825,38.86000,0.029677,3700,0.031459,0.056864
92585,30/09/2009,ACWI,ISHARES TRUST,46428825,40.75000,0.048636,3700,0.045222,0.071255
92585,30/10/2009,ACWI,ISHARES TRUST,46428825,39.65000,-0.026994,3700,-0.027993,-0.050612
92585,30/11/2009,ACWI,ISHARES TRUST,46428825,41.79000,0.053972,3700,0.057098,0.028476
92585,31/12/2009,ACWI,ISHARES TRUST,46428825,42.29000,0.018670,3700,0.028419,0.055001
92585,29/01/2010,ACWI,ISHARES TRUST,46428825,40.05000,-0.052968,19900,-0.037096,-0.011388
92585,26/02/2010,ACWI,ISHARES TRUST,46428825,40.92000,0.021723,19900,0.034774,0.033603
92585,31/03/2010,ACWI,ISHARES TRUST,46428825,43.51000,0.063294,19900,0.063606,0.069289
92585,30/04/2010,ACWI,ISHARES TRUST,46428825,43.41000,-0.002298,19900,0.020043,0.057843
92585,28/05/2010,ACWI,ISHARES TRUST,46428825,39.34000,-0.093757,19900,-0.079136,-0.076929
92585,30/06/2010,ACWI,ISHARES TRUST,46428825,37.60000,-0.035023,19900,-0.050725,-0.056799
92585,30/07/2010,ACWI,ISHARES TRUST,46428825,41.11000,0.093351,19900,0.070292,0.059940
92585,31/08/2010,ACWI,ISHARES TRUST,46428825,39.35000,-0.042812,19900,-0.042813,-0.047566
92585,30/09/2010,ACWI,ISHARES TRUST,46428825,43.21000,0.098094,19900,0.091518,0.096418
92585,29/10/2010,ACWI,ISHARES TRUST,46428825,44.83000,0.037491,19900,0.038531,0.040681
92585,30/11/2010,ACWI,ISHARES TRUST,46428825,43.85000,-0.021860,30200,0.005108,0.010736
92585,31/12/2010,ACWI,ISHARES TRUST,46428825,46.81000,0.077712,30200,0.067150,0.068851
92585,31/01/2011,ACWI,ISHARES TRUST,46428825,47.31000,0.010681,30200,0.019157,0.014412
92585,28/02/2011,ACWI,ISHARES TRUST,46428825,48.78000,0.031072,30200,0.038165,0.037036
92585,31/03/2011,ACWI,ISHARES TRUST,46428825,48.36000,-0.008610,30200,0.003366,0.008605
92585,29/04/2011,ACWI,ISHARES TRUST,46428825,50.69000,0.048180,30200,0.028688,0.019203
92585,31/05/2011,ACWI,ISHARES TRUST,46428825,49.70000,-0.019530,30200,-0.014935,-0.018549
92585,30/06/2011,ACWI,ISHARES TRUST,46428825,48.25000,-0.017867,30200,-0.018395,-0.024106
92585,29/07/2011,ACWI,ISHARES TRUST,46428825,47.15000,-0.022798,30200,-0.022470,-0.021813
92585,31/08/2011,ACWI,ISHARES TRUST,46428825,43.68000,-0.073595,30200,-0.057472,-0.075715
92585,30/09/2011,ACWI,ISHARES TRUST,46428825,39.12000,-0.104396,30200,-0.084873,-0.100920
92585,31/10/2011,ACWI,ISHARES TRUST,46428825,43.55000,0.113241,30200,0.113977,0.107697
92585,30/11/2011,ACWI,ISHARES TRUST,46428825,43.05000,-0.011481,30200,-0.006226,-0.020645
92585,30/12/2011,ACWI,ISHARES TRUST,46428825,42.17000,-0.009971,30200,0.003702,-0.003561
92585,31/01/2012,ACWI,ISHARES TRUST,46428825,44.48000,0.054778,30200,0.054076,0.085342
92585,29/02/2012,ACWI,ISHARES TRUST,46428825,46.68000,0.049460,30200,0.041186,0.036494
92585,30/03/2012,ACWI,ISHARES TRUST,46428825,47.20000,0.011140,30200,0.023994,0.017608
92585,30/04/2012,ACWI,ISHARES TRUST,46428825,46.66000,-0.011441,30200,-0.006801,-0.009106
92585,31/05/2012,ACWI,ISHARES TRUST,46428825,42.33000,-0.092799,30200,-0.065531,-0.068434
92585,29/06/2012,ACWI,ISHARES TRUST,46428825,43.87000,0.050646,30200,0.038156,0.034188
92585,31/07/2012,ACWI,ISHARES TRUST,46428825,44.23000,0.008206,30200,0.010266,-0.003281
92585,31/08/2012,ACWI,ISHARES TRUST,46428825,45.46000,0.027809,30200,0.026265,0.024820
92585,28/09/2012,ACWI,ISHARES TRUST,46428825,46.69000,0.027057,30200,0.026539,0.034925
92585,31/10/2012,ACWI,ISHARES TRUST,46428825,46.45000,-0.005140,30200,-0.014101,-0.013477
92585,30/11/2012,ACWI,ISHARES TRUST,46428825,47.19000,0.015931,30200,0.006193,0.002790
92585,31/12/2012,ACWI,ISHARES TRUST,46428825,48.08000,0.028944,30200,0.012531,0.021872
92585,31/01/2013,ACWI,ISHARES TRUST,46428825,49.89000,0.037646,30200,0.054094,0.063509
92585,28/02/2013,ACWI,ISHARES TRUST,46428825,49.84000,-0.001002,30200,0.008332,0.003500
92585,28/03/2013,ACWI,ISHARES TRUST,46428825,50.75000,0.018258,30200,0.035274,0.031419
92585,30/04/2013,ACWI,ISHARES TRUST,46428825,52.19000,0.028374,30200,0.014945,0.002477
92585,31/05/2013,ACWI,ISHARES TRUST,46428825,51.99000,-0.003832,30200,0.019067,0.023985
92585,28/06/2013,ACWI,ISHARES TRUST,46428825,50.00000,-0.026110,30200,-0.015039,-0.013012
92585,31/07/2013,ACWI,ISHARES TRUST,46428825,52.29000,0.045800,30200,0.052681,0.054898
92585,30/08/2013,ACWI,ISHARES TRUST,46428825,51.09000,-0.022949,30200,-0.025714,-0.017278
92585,30/09/2013,ACWI,ISHARES TRUST,46428825,53.92000,0.055392,30200,0.037477,0.051828
92585,31/10/2013,ACWI,ISHARES TRUST,46428825,56.05000,0.039503,30200,0.039852,0.025762
92585,29/11/2013,ACWI,ISHARES TRUST,46428825,56.92000,0.015522,30200,0.024947,0.023398
92585,31/12/2013,ACWI,ISHARES TRUST,46428825,57.62000,0.020351,30200,0.026126,0.025242
92585,31/01/2014,ACWI,ISHARES TRUST,46428825,54.95000,-0.046338,30200,-0.029957,-0.001282
92585,28/02/2014,ACWI,ISHARES TRUST,46428825,57.81000,0.052047,30200,0.046173,0.044257
92585,31/03/2014,ACWI,ISHARES TRUST,46428825,58.14000,0.005708,96400,0.004469,0.001028
92585,30/04/2014,ACWI,ISHARES TRUST,46428825,58.83000,0.011868,98800,0.001661,-0.022319
92585,30/05/2014,ACWI,ISHARES TRUST,46428825,60.01000,0.020058,98200,0.020219,0.006647
92585,30/06/2014,ACWI,ISHARES TRUST,46428825,60.26000,0.018100,97800,0.027941,0.039501
92585,31/07/2014,ACWI,ISHARES TRUST,46428825,59.39000,-0.014437,97800,-0.020523,-0.035223
92585,29/08/2014,ACWI,ISHARES TRUST,46428825,60.92000,0.025762,109000,0.040186,0.033697
92585,30/09/2014,ACWI,ISHARES TRUST,46428825,58.90000,-0.033158,109000,-0.025129,-0.044988
92585,31/10/2014,ACWI,ISHARES TRUST,46428825,59.61000,0.012054,112400,0.021184,0.014199
92585,28/11/2014,ACWI,ISHARES TRUST,46428825,60.43000,0.013756,115200,0.021150,-0.002457
92585,31/12/2014,ACWI,ISHARES TRUST,46428825,58.50000,-0.023857,126600,-0.003616,-0.000190
92585,30/01/2015,ACWI,ISHARES TRUST,46428825,57.73000,-0.013162,109400,-0.027152,-0.019073
92585,27/02/2015,ACWI,ISHARES TRUST,46428825,60.91000,0.055084,107200,0.055948,0.054123
92585,31/03/2015,ACWI,ISHARES TRUST,46428825,60.02000,-0.014612,105000,-0.010439,-0.005112
92585,30/04/2015,ACWI,ISHARES TRUST,46428825,61.74000,0.028657,106800,0.008723,0.015127
92585,29/05/2015,ACWI,ISHARES TRUST,46428825,61.74000,0.000000,105000,0.010326,0.003962
92585,30/06/2015,ACWI,ISHARES TRUST,46428825,59.45000,-0.025462,106400,-0.019259,-0.013473
92585,31/07/2015,ACWI,ISHARES TRUST,46428825,59.94000,0.008242,108600,0.012095,-0.027144
92585,31/08/2015,ACWI,ISHARES TRUST,46428825,55.86000,-0.068068,111200,-0.059996,-0.047295
92585,30/09/2015,ACWI,ISHARES TRUST,46428825,53.94000,-0.034372,111000,-0.033738,-0.049922
92585,30/10/2015,ACWI,ISHARES TRUST,46428825,58.07000,0.076567,109200,0.073963,0.052873
92585,30/11/2015,ACWI,ISHARES TRUST,46428825,57.76000,-0.005338,107600,0.002442,0.007333
92585,31/12/2015,ACWI,ISHARES TRUST,46428825,55.82000,-0.021263,110000,-0.022257,-0.035887
92585,29/01/2016,ACWI,ISHARES TRUST,46428825,52.86000,-0.053028,103600,-0.057035,-0.074951
92585,29/02/2016,ACWI,ISHARES TRUST,46428825,52.20000,-0.012486,98600,0.000682,0.005557
92585,31/03/2016,ACWI,ISHARES TRUST,46428825,56.06000,0.073946,97600,0.070460,0.078191
92585,29/04/2016,ACWI,ISHARES TRUST,46428825,56.81000,0.013379,97600,0.011799,0.039834
92585,31/05/2016,ACWI,ISHARES TRUST,46428825,57.00000,0.003344,97600,0.014296,-0.000617
92585,30/06/2016,ACWI,ISHARES TRUST,46428825,56.23000,-0.000461,98800,0.003123,0.005839
92585,29/07/2016,ACWI,ISHARES TRUST,46428825,58.35000,0.037702,94600,0.038740,0.049867
92585,31/08/2016,ACWI,ISHARES TRUST,46428825,58.55000,0.003428,92400,0.002787,0.013067
92585,30/09/2016,ACWI,ISHARES TRUST,46428825,59.10000,0.009394,89800,0.003016,0.015373
92585,31/10/2016,ACWI,ISHARES TRUST,46428825,57.97000,-0.019120,91000,-0.021590,-0.039941
92585,30/11/2016,ACWI,ISHARES TRUST,46428825,58.57000,0.010350,97000,0.040415,0.050505
92585,30/12/2016,ACWI,ISHARES TRUST,46428825,59.17000,0.019689,99000,0.018775,0.015889
92585,31/01/2017,ACWI,ISHARES TRUST,46428825,60.89000,0.029069,104000,0.022177,0.025931
92585,28/02/2017,ACWI,ISHARES TRUST,46428825,62.42000,0.025127,103200,0.032638,0.017130
92585,31/03/2017,ACWI,ISHARES TRUST,46428825,63.26000,0.013457,103200,0.002089,0.006390
92585,28/04/2017,ACWI,ISHARES TRUST,46428825,64.28000,0.016124,103200,0.009612,0.003684
92585,31/05/2017,ACWI,ISHARES TRUST,46428825,65.70000,0.022091,103200,0.009340,-0.011327
92585,30/06/2017,ACWI,ISHARES TRUST,46428825,65.49000,0.007947,104800,0.009460,0.022916
92585,31/07/2017,ACWI,ISHARES TRUST,46428825,67.28000,0.027332,108200,0.020327,0.009110
92585,31/08/2017,ACWI,ISHARES TRUST,46428825,67.55000,0.004013,112200,0.001591,-0.008749
92585,29/09/2017,ACWI,ISHARES TRUST,46428825,68.82000,0.018801,113200,0.023704,0.046757
92585,31/10/2017,ACWI,ISHARES TRUST,46428825,70.30000,0.021505,113200,0.019264,0.002211
92585,30/11/2017,ACWI,ISHARES TRUST,46428825,71.72000,0.020199,115400,0.027269,0.020836
92585,29/12/2017,ACWI,ISHARES TRUST,46428825,72.09000,0.014492,121600,0.012163,0.014220
